outliers_print, d, correct, per
10,0,159,0.48036253776435045
20,0,159,0.48036253776435045
40,0,159,0.48036253776435045
80,0,159,0.48036253776435045
160,0,159,0.48036253776435045
